{"cameraMode":{"drawMode":0,"name":"Shaded","section":"Shading Mode"},"sceneLighting":true,"audioPlay":false,"sceneViewState":{"showFog":true,"showMaterialUpdate":false,"showSkybox":true,"showFlares":true,"showImageEffects":true,"showParticleSystems":true},"in2DMode":false,"pivot":{"x":-2.100979804992676,"y":-0.9332785606384277,"z":-0.22240638732910157},"rotation":{"x":0.03530050814151764,"y":-0.9148426055908203,"z":0.3938181698322296,"w":0.08200392872095108},"size":5.539882659912109,"orthographic":false}